{"$schema":"http://schema.management.azure.com/schemas/2015-01-01/deploymentTemplate.json#","contentVersion":"1.0.0.0","parameters":{"factoryName":{"type":"string","metadata":"Data Factory name"},"AzureBlobStorage1":{"type":"string"}},"variables":{"factoryId":"[concat('Microsoft.DataFactory/factories/', parameters('factoryName'))]"},"resources":[{"name":"[concat(parameters('factoryName'), '/CopyPipeline_7me')]","type":"Microsoft.DataFactory/factories/pipelines","apiVersion":"2018-06-01","properties":{"activities":[{"name":"Copy_7me","type":"Copy","dependsOn":[],"policy":{"timeout":"0.12:00:00","retry":0,"retryIntervalInSeconds":30,"secureOutput":false,"secureInput":false},"userProperties":[{"name":"Source","value":"datafactory/input/moviesDB2.csv"},{"name":"Destination","value":"datafactory/output/moviesDB2.csv"}],"typeProperties":{"source":{"type":"BinarySource","storeSettings":{"type":"AzureBlobStorageReadSettings","recursive":true},"formatSettings":{"type":"BinaryReadSettings"}},"sink":{"type":"BinarySink","storeSettings":{"type":"AzureBlobStorageWriteSettings"}},"enableStaging":false,"validateDataConsistency":false},"inputs":[{"referenceName":"SourceDataset_7me","type":"DatasetReference","parameters":{}}],"outputs":[{"referenceName":"DestinationDataset_7me","type":"DatasetReference","parameters":{}}]}],"policy":{"elapsedTimeMetric":{},"cancelAfter":{}},"annotations":[],"lastPublishTime":"2023-02-28T13:55:21Z"},"dependsOn":["[concat(variables('factoryId'), '/datasets/SourceDataset_7me')]","[concat(variables('factoryId'), '/datasets/DestinationDataset_7me')]"]},{"name":"[concat(parameters('factoryName'), '/SourceDataset_7me')]","type":"Microsoft.DataFactory/factories/datasets","apiVersion":"2018-06-01","properties":{"linkedServiceName":{"referenceName":"[parameters('AzureBlobStorage1')]","type":"LinkedServiceReference"},"annotations":[],"type":"Binary","typeProperties":{"location":{"type":"AzureBlobStorageLocation","fileName":"moviesDB2.csv","folderPath":"input","container":"datafactory"}}},"dependsOn":[]},{"name":"[concat(parameters('factoryName'), '/DestinationDataset_7me')]","type":"Microsoft.DataFactory/factories/datasets","apiVersion":"2018-06-01","properties":{"linkedServiceName":{"referenceName":"[parameters('AzureBlobStorage1')]","type":"LinkedServiceReference"},"annotations":[],"type":"Binary","typeProperties":{"location":{"type":"AzureBlobStorageLocation","fileName":"moviesDB2.csv","folderPath":"output","container":"datafactory"}}},"dependsOn":[]}]}